name,title,level,facing,categories,description,detail,remediation,metadata,cache_key
function_search_path_mutable,Function Search Path Mutable,WARN,EXTERNAL,"[""SECURITY""]",Detects functions where the search_path parameter is not set.,Function \`public.set_updated_at\` has a role mutable search_path,https://supabase.com/docs/guides/database/database-linter?lint=0011_function_search_path_mutable,"{""name"":""set_updated_at"",""type"":""function"",""schema"":""public""}",function_search_path_mutable_public_set_updated_at_a871f9a10448d8c0e9aa1b14ba5d5691
anon_security_definer_function_executable,Public Can Execute SECURITY DEFINER Function,WARN,EXTERNAL,"[""SECURITY""]","Detects `SECURITY DEFINER` functions that are callable without signing in. Revoke `EXECUTE`, switch the function to `SECURITY INVOKER`, or move it out of your exposed API schema if it is not meant to be public.","Function `public.publish_lowvol_run(p_next_run_id text, p_previous_run_id text, p_keep_run_ids jsonb, p_current_data_date date, p_publish_status text, p_quality_summary jsonb)` can be executed by the `anon` role as a `SECURITY DEFINER` function via `/rest/v1/rpc/publish_lowvol_run`. Revoke `EXECUTE` or switch it to `SECURITY INVOKER` if that is not intentional.",https://supabase.com/docs/guides/database/database-linter?lint=0028_anon_security_definer_function_executable,"{""name"":""publish_lowvol_run"",""schema"":""public"",""language"":""plpgsql"",""arguments"":""p_next_run_id text, p_previous_run_id text, p_keep_run_ids jsonb, p_current_data_date date, p_publish_status text, p_quality_summary jsonb"",""security_definer"":true}","anon_security_definer_function_executable_public_publish_lowvol_run_p_next_run_id text, p_previous_run_id text, p_keep_run_ids jsonb, p_current_data_date date, p_publish_status text, p_quality_summary jsonb"
anon_security_definer_function_executable,Public Can Execute SECURITY DEFINER Function,WARN,EXTERNAL,"[""SECURITY""]","Detects `SECURITY DEFINER` functions that are callable without signing in. Revoke `EXECUTE`, switch the function to `SECURITY INVOKER`, or move it out of your exposed API schema if it is not meant to be public.","Function `public.publish_market_board_run(p_next_run_id text, p_previous_run_id text, p_keep_run_ids jsonb, p_current_data_date date, p_publish_status text, p_quality_summary jsonb)` can be executed by the `anon` role as a `SECURITY DEFINER` function via `/rest/v1/rpc/publish_market_board_run`. Revoke `EXECUTE` or switch it to `SECURITY INVOKER` if that is not intentional.",https://supabase.com/docs/guides/database/database-linter?lint=0028_anon_security_definer_function_executable,"{""name"":""publish_market_board_run"",""schema"":""public"",""language"":""plpgsql"",""arguments"":""p_next_run_id text, p_previous_run_id text, p_keep_run_ids jsonb, p_current_data_date date, p_publish_status text, p_quality_summary jsonb"",""security_definer"":true}","anon_security_definer_function_executable_public_publish_market_board_run_p_next_run_id text, p_previous_run_id text, p_keep_run_ids jsonb, p_current_data_date date, p_publish_status text, p_quality_summary jsonb"
anon_security_definer_function_executable,Public Can Execute SECURITY DEFINER Function,WARN,EXTERNAL,"[""SECURITY""]","Detects `SECURITY DEFINER` functions that are callable without signing in. Revoke `EXECUTE`, switch the function to `SECURITY INVOKER`, or move it out of your exposed API schema if it is not meant to be public.","Function `public.publish_rps_run(p_next_run_id text, p_previous_run_id text, p_keep_run_ids jsonb, p_current_data_date date, p_publish_status text, p_quality_summary jsonb)` can be executed by the `anon` role as a `SECURITY DEFINER` function via `/rest/v1/rpc/publish_rps_run`. Revoke `EXECUTE` or switch it to `SECURITY INVOKER` if that is not intentional.",https://supabase.com/docs/guides/database/database-linter?lint=0028_anon_security_definer_function_executable,"{""name"":""publish_rps_run"",""schema"":""public"",""language"":""plpgsql"",""arguments"":""p_next_run_id text, p_previous_run_id text, p_keep_run_ids jsonb, p_current_data_date date, p_publish_status text, p_quality_summary jsonb"",""security_definer"":true}","anon_security_definer_function_executable_public_publish_rps_run_p_next_run_id text, p_previous_run_id text, p_keep_run_ids jsonb, p_current_data_date date, p_publish_status text, p_quality_summary jsonb"
anon_security_definer_function_executable,Public Can Execute SECURITY DEFINER Function,WARN,EXTERNAL,"[""SECURITY""]","Detects `SECURITY DEFINER` functions that are callable without signing in. Revoke `EXECUTE`, switch the function to `SECURITY INVOKER`, or move it out of your exposed API schema if it is not meant to be public.","Function `public.publish_value_timing_run(p_next_run_id text, p_previous_run_id text, p_keep_run_ids jsonb, p_current_data_date date, p_publish_status text, p_quality_summary jsonb)` can be executed by the `anon` role as a `SECURITY DEFINER` function via `/rest/v1/rpc/publish_value_timing_run`. Revoke `EXECUTE` or switch it to `SECURITY INVOKER` if that is not intentional.",https://supabase.com/docs/guides/database/database-linter?lint=0028_anon_security_definer_function_executable,"{""name"":""publish_value_timing_run"",""schema"":""public"",""language"":""plpgsql"",""arguments"":""p_next_run_id text, p_previous_run_id text, p_keep_run_ids jsonb, p_current_data_date date, p_publish_status text, p_quality_summary jsonb"",""security_definer"":true}","anon_security_definer_function_executable_public_publish_value_timing_run_p_next_run_id text, p_previous_run_id text, p_keep_run_ids jsonb, p_current_data_date date, p_publish_status text, p_quality_summary jsonb"
anon_security_definer_function_executable,Public Can Execute SECURITY DEFINER Function,WARN,EXTERNAL,"[""SECURITY""]","Detects `SECURITY DEFINER` functions that are callable without signing in. Revoke `EXECUTE`, switch the function to `SECURITY INVOKER`, or move it out of your exposed API schema if it is not meant to be public.","Function `public.upsert_rps_custom_recent_search(p_user_key text, p_ticker text, p_code text, p_name text, p_limit integer)` can be executed by the `anon` role as a `SECURITY DEFINER` function via `/rest/v1/rpc/upsert_rps_custom_recent_search`. Revoke `EXECUTE` or switch it to `SECURITY INVOKER` if that is not intentional.",https://supabase.com/docs/guides/database/database-linter?lint=0028_anon_security_definer_function_executable,"{""name"":""upsert_rps_custom_recent_search"",""schema"":""public"",""language"":""plpgsql"",""arguments"":""p_user_key text, p_ticker text, p_code text, p_name text, p_limit integer"",""security_definer"":true}","anon_security_definer_function_executable_public_upsert_rps_custom_recent_search_p_user_key text, p_ticker text, p_code text, p_name text, p_limit integer"
authenticated_security_definer_function_executable,Signed-In Users Can Execute SECURITY DEFINER Function,WARN,EXTERNAL,"[""SECURITY""]","Detects `SECURITY DEFINER` functions that are callable by signed-in users. Revoke `EXECUTE`, switch the function to `SECURITY INVOKER`, or move it out of your exposed API schema if signed-in users should not call it.","Function `public.publish_lowvol_run(p_next_run_id text, p_previous_run_id text, p_keep_run_ids jsonb, p_current_data_date date, p_publish_status text, p_quality_summary jsonb)` can be executed by the `authenticated` role as a `SECURITY DEFINER` function via `/rest/v1/rpc/publish_lowvol_run`. Revoke `EXECUTE` or switch it to `SECURITY INVOKER` if that is not intentional.",https://supabase.com/docs/guides/database/database-linter?lint=0029_authenticated_security_definer_function_executable,"{""name"":""publish_lowvol_run"",""schema"":""public"",""language"":""plpgsql"",""arguments"":""p_next_run_id text, p_previous_run_id text, p_keep_run_ids jsonb, p_current_data_date date, p_publish_status text, p_quality_summary jsonb"",""security_definer"":true}","authenticated_security_definer_function_executable_public_publish_lowvol_run_p_next_run_id text, p_previous_run_id text, p_keep_run_ids jsonb, p_current_data_date date, p_publish_status text, p_quality_summary jsonb"
authenticated_security_definer_function_executable,Signed-In Users Can Execute SECURITY DEFINER Function,WARN,EXTERNAL,"[""SECURITY""]","Detects `SECURITY DEFINER` functions that are callable by signed-in users. Revoke `EXECUTE`, switch the function to `SECURITY INVOKER`, or move it out of your exposed API schema if signed-in users should not call it.","Function `public.publish_market_board_run(p_next_run_id text, p_previous_run_id text, p_keep_run_ids jsonb, p_current_data_date date, p_publish_status text, p_quality_summary jsonb)` can be executed by the `authenticated` role as a `SECURITY DEFINER` function via `/rest/v1/rpc/publish_market_board_run`. Revoke `EXECUTE` or switch it to `SECURITY INVOKER` if that is not intentional.",https://supabase.com/docs/guides/database/database-linter?lint=0029_authenticated_security_definer_function_executable,"{""name"":""publish_market_board_run"",""schema"":""public"",""language"":""plpgsql"",""arguments"":""p_next_run_id text, p_previous_run_id text, p_keep_run_ids jsonb, p_current_data_date date, p_publish_status text, p_quality_summary jsonb"",""security_definer"":true}","authenticated_security_definer_function_executable_public_publish_market_board_run_p_next_run_id text, p_previous_run_id text, p_keep_run_ids jsonb, p_current_data_date date, p_publish_status text, p_quality_summary jsonb"
authenticated_security_definer_function_executable,Signed-In Users Can Execute SECURITY DEFINER Function,WARN,EXTERNAL,"[""SECURITY""]","Detects `SECURITY DEFINER` functions that are callable by signed-in users. Revoke `EXECUTE`, switch the function to `SECURITY INVOKER`, or move it out of your exposed API schema if signed-in users should not call it.","Function `public.publish_rps_run(p_next_run_id text, p_previous_run_id text, p_keep_run_ids jsonb, p_current_data_date date, p_publish_status text, p_quality_summary jsonb)` can be executed by the `authenticated` role as a `SECURITY DEFINER` function via `/rest/v1/rpc/publish_rps_run`. Revoke `EXECUTE` or switch it to `SECURITY INVOKER` if that is not intentional.",https://supabase.com/docs/guides/database/database-linter?lint=0029_authenticated_security_definer_function_executable,"{""name"":""publish_rps_run"",""schema"":""public"",""language"":""plpgsql"",""arguments"":""p_next_run_id text, p_previous_run_id text, p_keep_run_ids jsonb, p_current_data_date date, p_publish_status text, p_quality_summary jsonb"",""security_definer"":true}","authenticated_security_definer_function_executable_public_publish_rps_run_p_next_run_id text, p_previous_run_id text, p_keep_run_ids jsonb, p_current_data_date date, p_publish_status text, p_quality_summary jsonb"
authenticated_security_definer_function_executable,Signed-In Users Can Execute SECURITY DEFINER Function,WARN,EXTERNAL,"[""SECURITY""]","Detects `SECURITY DEFINER` functions that are callable by signed-in users. Revoke `EXECUTE`, switch the function to `SECURITY INVOKER`, or move it out of your exposed API schema if signed-in users should not call it.","Function `public.publish_value_timing_run(p_next_run_id text, p_previous_run_id text, p_keep_run_ids jsonb, p_current_data_date date, p_publish_status text, p_quality_summary jsonb)` can be executed by the `authenticated` role as a `SECURITY DEFINER` function via `/rest/v1/rpc/publish_value_timing_run`. Revoke `EXECUTE` or switch it to `SECURITY INVOKER` if that is not intentional.",https://supabase.com/docs/guides/database/database-linter?lint=0029_authenticated_security_definer_function_executable,"{""name"":""publish_value_timing_run"",""schema"":""public"",""language"":""plpgsql"",""arguments"":""p_next_run_id text, p_previous_run_id text, p_keep_run_ids jsonb, p_current_data_date date, p_publish_status text, p_quality_summary jsonb"",""security_definer"":true}","authenticated_security_definer_function_executable_public_publish_value_timing_run_p_next_run_id text, p_previous_run_id text, p_keep_run_ids jsonb, p_current_data_date date, p_publish_status text, p_quality_summary jsonb"
authenticated_security_definer_function_executable,Signed-In Users Can Execute SECURITY DEFINER Function,WARN,EXTERNAL,"[""SECURITY""]","Detects `SECURITY DEFINER` functions that are callable by signed-in users. Revoke `EXECUTE`, switch the function to `SECURITY INVOKER`, or move it out of your exposed API schema if signed-in users should not call it.","Function `public.upsert_rps_custom_recent_search(p_user_key text, p_ticker text, p_code text, p_name text, p_limit integer)` can be executed by the `authenticated` role as a `SECURITY DEFINER` function via `/rest/v1/rpc/upsert_rps_custom_recent_search`. Revoke `EXECUTE` or switch it to `SECURITY INVOKER` if that is not intentional.",https://supabase.com/docs/guides/database/database-linter?lint=0029_authenticated_security_definer_function_executable,"{""name"":""upsert_rps_custom_recent_search"",""schema"":""public"",""language"":""plpgsql"",""arguments"":""p_user_key text, p_ticker text, p_code text, p_name text, p_limit integer"",""security_definer"":true}","authenticated_security_definer_function_executable_public_upsert_rps_custom_recent_search_p_user_key text, p_ticker text, p_code text, p_name text, p_limit integer"